EX_pi_e_i,EX_co2_e_i,EX_fe3_e_i,EX_h_e_i,EX_mn2_e_i,EX_fe2_e_i,EX_zn2_e_i,EX_mg2_e_i,EX_ca2_e_i,EX_ni2_e_i,EX_cu2_e_i,EX_sel_e_i,EX_cobalt2_e_i,EX_h2o_e_i,EX_mobd_e_i,EX_so4_e_i,EX_nh4_e_i,EX_k_e_i,EX_na1_e_i,EX_cl_e_i,EX_o2_e_i,EX_tungs_e_i,EX_slnt_e_i,EX_glyc_e_i,EX_ala__L_e_i,EX_pro__L_e_i,EX_thr__L_e_i,EX_gly_e_i,EX_rib__D_e_i,EX_malt_e_i,EX_melib_e_i,EX_tre_e_i,EX_fru_e_i,EX_gal_e_i,EX_ac_e_i,EX_lac__D_e_i,EX_succ_e_i,EX_pyr_e_i,GR_AVG
2.20E+00,2.20E+00,2.20E+00,2.20E+00,2.20E+00,2.20E+00,2.20E+00,2.20E+00,2.20E+00,2.20E+00,2.20E+00,2.20E+00,2.20E+00,2.20E+00,2.20E+00,2.20E+00,2.20E+00,2.20E+00,2.20E+00,2.20E+00,2.20E+00,2.20E+00,2.20E+00,2.20E+00,2.20E+00,2.20E+00,2.20E+00,2.20E+00,0.00E+00,0.00E+00,0.00E+00,0.00E+00,0.00E+00,5.55E+00,0.00E+00,0.00E+00,0.00E+00,0.00E+00,1.70E-01
2.20E+00,2.20E+00,2.20E+00,2.20E+00,2.20E+00,2.20E+00,2.20E+00,2.20E+00,2.20E+00,2.20E+00,2.20E+00,2.20E+00,2.20E+00,2.20E+00,2.20E+00,2.20E+00,2.20E+00,2.20E+00,2.20E+00,2.20E+00,2.20E+00,2.20E+00,2.20E+00,2.20E+00,2.20E+00,2.20E+00,2.20E+00,2.20E+00,0.00E+00,0.00E+00,0.00E+00,0.00E+00,2.93E+00,0.00E+00,0.00E+00,0.00E+00,0.00E+00,0.00E+00,1.34E-01
2.20E+00,2.20E+00,2.20E+00,2.20E+00,2.20E+00,2.20E+00,2.20E+00,2.20E+00,2.20E+00,2.20E+00,2.20E+00,2.20E+00,2.20E+00,2.20E+00,2.20E+00,2.20E+00,2.20E+00,2.20E+00,2.20E+00,2.20E+00,2.20E+00,2.20E+00,2.20E+00,2.20E+00,2.20E+00,2.20E+00,2.20E+00,2.20E+00,0.00E+00,3.01E+00,0.00E+00,0.00E+00,0.00E+00,0.00E+00,0.00E+00,0.00E+00,0.00E+00,0.00E+00,1.89E-01
2.20E+00,2.20E+00,2.20E+00,2.20E+00,2.20E+00,2.20E+00,2.20E+00,2.20E+00,2.20E+00,2.20E+00,2.20E+00,2.20E+00,2.20E+00,2.20E+00,2.20E+00,2.20E+00,2.20E+00,2.20E+00,2.20E+00,2.20E+00,2.20E+00,2.20E+00,2.20E+00,2.20E+00,2.20E+00,2.20E+00,2.20E+00,2.20E+00,0.00E+00,0.00E+00,2.82E+00,0.00E+00,0.00E+00,0.00E+00,0.00E+00,0.00E+00,0.00E+00,0.00E+00,1.99E-01
2.20E+00,2.20E+00,2.20E+00,2.20E+00,2.20E+00,2.20E+00,2.20E+00,2.20E+00,2.20E+00,2.20E+00,2.20E+00,2.20E+00,2.20E+00,2.20E+00,2.20E+00,2.20E+00,2.20E+00,2.20E+00,2.20E+00,2.20E+00,2.20E+00,2.20E+00,2.20E+00,2.20E+00,2.20E+00,2.20E+00,2.20E+00,2.20E+00,0.00E+00,0.00E+00,0.00E+00,0.00E+00,0.00E+00,0.00E+00,0.00E+00,0.00E+00,0.00E+00,6.18E+00,7.20E-02
2.20E+00,2.20E+00,2.20E+00,2.20E+00,2.20E+00,2.20E+00,2.20E+00,2.20E+00,2.20E+00,2.20E+00,2.20E+00,2.20E+00,2.20E+00,2.20E+00,2.20E+00,2.20E+00,2.20E+00,2.20E+00,2.20E+00,2.20E+00,2.20E+00,2.20E+00,2.20E+00,2.20E+00,2.20E+00,2.20E+00,2.20E+00,2.20E+00,0.00E+00,0.00E+00,0.00E+00,0.00E+00,0.00E+00,0.00E+00,9.04E-01,0.00E+00,0.00E+00,0.00E+00,9.24E-02
2.20E+00,2.20E+00,2.20E+00,2.20E+00,2.20E+00,2.20E+00,2.20E+00,2.20E+00,2.20E+00,2.20E+00,2.20E+00,2.20E+00,2.20E+00,2.20E+00,2.20E+00,2.20E+00,2.20E+00,2.20E+00,2.20E+00,2.20E+00,2.20E+00,2.20E+00,2.20E+00,2.20E+00,2.20E+00,2.20E+00,2.20E+00,2.20E+00,0.00E+00,0.00E+00,0.00E+00,0.00E+00,0.00E+00,0.00E+00,0.00E+00,6.14E-01,0.00E+00,0.00E+00,8.81E-02
2.20E+00,2.20E+00,2.20E+00,2.20E+00,2.20E+00,2.20E+00,2.20E+00,2.20E+00,2.20E+00,2.20E+00,2.20E+00,2.20E+00,2.20E+00,2.20E+00,2.20E+00,2.20E+00,2.20E+00,2.20E+00,2.20E+00,2.20E+00,2.20E+00,2.20E+00,2.20E+00,2.20E+00,2.20E+00,2.20E+00,2.20E+00,2.20E+00,4.48E+00,0.00E+00,0.00E+00,0.00E+00,0.00E+00,0.00E+00,0.00E+00,0.00E+00,0.00E+00,0.00E+00,9.00E-02
2.20E+00,2.20E+00,2.20E+00,2.20E+00,2.20E+00,2.20E+00,2.20E+00,2.20E+00,2.20E+00,2.20E+00,2.20E+00,2.20E+00,2.20E+00,2.20E+00,2.20E+00,2.20E+00,2.20E+00,2.20E+00,2.20E+00,2.20E+00,2.20E+00,2.20E+00,2.20E+00,2.20E+00,2.20E+00,2.20E+00,2.20E+00,2.20E+00,0.00E+00,0.00E+00,0.00E+00,2.77E+00,0.00E+00,0.00E+00,0.00E+00,0.00E+00,0.00E+00,0.00E+00,1.99E-01
2.20E+00,2.20E+00,2.20E+00,2.20E+00,2.20E+00,2.20E+00,2.20E+00,2.20E+00,2.20E+00,2.20E+00,2.20E+00,2.20E+00,2.20E+00,2.20E+00,2.20E+00,2.20E+00,2.20E+00,2.20E+00,2.20E+00,2.20E+00,2.20E+00,2.20E+00,2.20E+00,2.20E+00,2.20E+00,2.20E+00,2.20E+00,2.20E+00,0.00E+00,0.00E+00,0.00E+00,0.00E+00,0.00E+00,0.00E+00,0.00E+00,0.00E+00,0.00E+00,0.00E+00,1.05E-01
2.20E+00,2.20E+00,2.20E+00,2.20E+00,2.20E+00,2.20E+00,2.20E+00,2.20E+00,2.20E+00,2.20E+00,2.20E+00,2.20E+00,2.20E+00,2.20E+00,2.20E+00,2.20E+00,2.20E+00,2.20E+00,2.20E+00,2.20E+00,2.20E+00,2.20E+00,2.20E+00,2.20E+00,2.20E+00,2.20E+00,2.20E+00,2.20E+00,0.00E+00,0.00E+00,2.80E+00,0.00E+00,0.00E+00,4.60E+00,0.00E+00,0.00E+00,0.00E+00,0.00E+00,2.68E-01
2.20E+00,2.20E+00,2.20E+00,2.20E+00,2.20E+00,2.20E+00,2.20E+00,2.20E+00,2.20E+00,2.20E+00,2.20E+00,2.20E+00,2.20E+00,2.20E+00,2.20E+00,2.20E+00,2.20E+00,2.20E+00,2.20E+00,2.20E+00,2.20E+00,2.20E+00,2.20E+00,2.20E+00,2.20E+00,2.20E+00,2.20E+00,2.20E+00,0.00E+00,0.00E+00,0.00E+00,0.00E+00,0.00E+00,0.00E+00,0.00E+00,0.00E+00,0.00E+00,1.32E+01,1.58E-01
2.20E+00,2.20E+00,2.20E+00,2.20E+00,2.20E+00,2.20E+00,2.20E+00,2.20E+00,2.20E+00,2.20E+00,2.20E+00,2.20E+00,2.20E+00,2.20E+00,2.20E+00,2.20E+00,2.20E+00,2.20E+00,2.20E+00,2.20E+00,2.20E+00,2.20E+00,2.20E+00,2.20E+00,2.20E+00,2.20E+00,2.20E+00,2.20E+00,0.00E+00,0.00E+00,1.71E+00,0.00E+00,0.00E+00,0.00E+00,0.00E+00,8.96E-01,0.00E+00,0.00E+00,1.21E-01
2.20E+00,2.20E+00,2.20E+00,2.20E+00,2.20E+00,2.20E+00,2.20E+00,2.20E+00,2.20E+00,2.20E+00,2.20E+00,2.20E+00,2.20E+00,2.20E+00,2.20E+00,2.20E+00,2.20E+00,2.20E+00,2.20E+00,2.20E+00,2.20E+00,2.20E+00,2.20E+00,2.20E+00,2.20E+00,2.20E+00,2.20E+00,2.20E+00,0.00E+00,0.00E+00,0.00E+00,3.05E+00,3.06E+00,0.00E+00,0.00E+00,0.00E+00,0.00E+00,0.00E+00,2.73E-01
2.20E+00,2.20E+00,2.20E+00,2.20E+00,2.20E+00,2.20E+00,2.20E+00,2.20E+00,2.20E+00,2.20E+00,2.20E+00,2.20E+00,2.20E+00,2.20E+00,2.20E+00,2.20E+00,2.20E+00,2.20E+00,2.20E+00,2.20E+00,2.20E+00,2.20E+00,2.20E+00,2.20E+00,2.20E+00,2.20E+00,2.20E+00,2.20E+00,0.00E+00,0.00E+00,0.00E+00,2.90E+00,0.00E+00,4.95E+00,0.00E+00,0.00E+00,0.00E+00,0.00E+00,2.94E-01
2.20E+00,2.20E+00,2.20E+00,2.20E+00,2.20E+00,2.20E+00,2.20E+00,2.20E+00,2.20E+00,2.20E+00,2.20E+00,2.20E+00,2.20E+00,2.20E+00,2.20E+00,2.20E+00,2.20E+00,2.20E+00,2.20E+00,2.20E+00,2.20E+00,2.20E+00,2.20E+00,2.20E+00,2.20E+00,2.20E+00,2.20E+00,2.20E+00,0.00E+00,4.25E+00,0.00E+00,0.00E+00,0.00E+00,0.00E+00,1.09E+00,0.00E+00,0.00E+00,0.00E+00,2.39E-01
2.20E+00,2.20E+00,2.20E+00,2.20E+00,2.20E+00,2.20E+00,2.20E+00,2.20E+00,2.20E+00,2.20E+00,2.20E+00,2.20E+00,2.20E+00,2.20E+00,2.20E+00,2.20E+00,2.20E+00,2.20E+00,2.20E+00,2.20E+00,2.20E+00,2.20E+00,2.20E+00,2.20E+00,2.20E+00,2.20E+00,2.20E+00,2.20E+00,5.53E+00,0.00E+00,0.00E+00,0.00E+00,5.02E+00,0.00E+00,0.00E+00,0.00E+00,0.00E+00,0.00E+00,2.53E-01
2.20E+00,2.20E+00,2.20E+00,2.20E+00,2.20E+00,2.20E+00,2.20E+00,2.20E+00,2.20E+00,2.20E+00,2.20E+00,2.20E+00,2.20E+00,2.20E+00,2.20E+00,2.20E+00,2.20E+00,2.20E+00,2.20E+00,2.20E+00,2.20E+00,2.20E+00,2.20E+00,2.20E+00,2.20E+00,2.20E+00,2.20E+00,2.20E+00,0.00E+00,2.58E+00,0.00E+00,2.40E+00,0.00E+00,0.00E+00,0.00E+00,0.00E+00,0.00E+00,0.00E+00,2.61E-01
2.20E+00,2.20E+00,2.20E+00,2.20E+00,2.20E+00,2.20E+00,2.20E+00,2.20E+00,2.20E+00,2.20E+00,2.20E+00,2.20E+00,2.20E+00,2.20E+00,2.20E+00,2.20E+00,2.20E+00,2.20E+00,2.20E+00,2.20E+00,2.20E+00,2.20E+00,2.20E+00,2.20E+00,2.20E+00,2.20E+00,2.20E+00,2.20E+00,0.00E+00,0.00E+00,0.00E+00,0.00E+00,0.00E+00,7.67E+00,0.00E+00,0.00E+00,0.00E+00,0.00E+00,2.82E-01
2.20E+00,2.20E+00,2.20E+00,2.20E+00,2.20E+00,2.20E+00,2.20E+00,2.20E+00,2.20E+00,2.20E+00,2.20E+00,2.20E+00,2.20E+00,2.20E+00,2.20E+00,2.20E+00,2.20E+00,2.20E+00,2.20E+00,2.20E+00,2.20E+00,2.20E+00,2.20E+00,2.20E+00,2.20E+00,2.20E+00,2.20E+00,2.20E+00,0.00E+00,0.00E+00,0.00E+00,0.00E+00,2.39E+00,0.00E+00,0.00E+00,0.00E+00,0.00E+00,6.62E+00,1.35E-01
2.20E+00,2.20E+00,2.20E+00,2.20E+00,2.20E+00,2.20E+00,2.20E+00,2.20E+00,2.20E+00,2.20E+00,2.20E+00,2.20E+00,2.20E+00,2.20E+00,2.20E+00,2.20E+00,2.20E+00,2.20E+00,2.20E+00,2.20E+00,2.20E+00,2.20E+00,2.20E+00,2.20E+00,2.20E+00,2.20E+00,2.20E+00,2.20E+00,0.00E+00,0.00E+00,0.00E+00,0.00E+00,1.69E+00,0.00E+00,6.92E-01,0.00E+00,0.00E+00,5.94E+00,1.45E-01
2.20E+00,2.20E+00,2.20E+00,2.20E+00,2.20E+00,2.20E+00,2.20E+00,2.20E+00,2.20E+00,2.20E+00,2.20E+00,2.20E+00,2.20E+00,2.20E+00,2.20E+00,2.20E+00,2.20E+00,2.20E+00,2.20E+00,2.20E+00,2.20E+00,2.20E+00,2.20E+00,2.20E+00,2.20E+00,2.20E+00,2.20E+00,2.20E+00,0.00E+00,1.66E+00,0.00E+00,0.00E+00,0.00E+00,4.54E+00,0.00E+00,0.00E+00,0.00E+00,5.06E+00,2.41E-01
2.20E+00,2.20E+00,2.20E+00,2.20E+00,2.20E+00,2.20E+00,2.20E+00,2.20E+00,2.20E+00,2.20E+00,2.20E+00,2.20E+00,2.20E+00,2.20E+00,2.20E+00,2.20E+00,2.20E+00,2.20E+00,2.20E+00,2.20E+00,2.20E+00,2.20E+00,2.20E+00,2.20E+00,2.20E+00,2.20E+00,2.20E+00,2.20E+00,4.36E+00,0.00E+00,1.56E+00,0.00E+00,3.82E+00,0.00E+00,0.00E+00,0.00E+00,0.00E+00,0.00E+00,2.44E-01
2.20E+00,2.20E+00,2.20E+00,2.20E+00,2.20E+00,2.20E+00,2.20E+00,2.20E+00,2.20E+00,2.20E+00,2.20E+00,2.20E+00,2.20E+00,2.20E+00,2.20E+00,2.20E+00,2.20E+00,2.20E+00,2.20E+00,2.20E+00,2.20E+00,2.20E+00,2.20E+00,2.20E+00,2.20E+00,2.20E+00,2.20E+00,2.20E+00,0.00E+00,0.00E+00,0.00E+00,0.00E+00,0.00E+00,0.00E+00,8.81E-01,5.98E-01,0.00E+00,6.27E+00,1.06E-01
2.20E+00,2.20E+00,2.20E+00,2.20E+00,2.20E+00,2.20E+00,2.20E+00,2.20E+00,2.20E+00,2.20E+00,2.20E+00,2.20E+00,2.20E+00,2.20E+00,2.20E+00,2.20E+00,2.20E+00,2.20E+00,2.20E+00,2.20E+00,2.20E+00,2.20E+00,2.20E+00,2.20E+00,2.20E+00,2.20E+00,2.20E+00,2.20E+00,0.00E+00,0.00E+00,3.92E-01,0.00E+00,0.00E+00,0.00E+00,7.23E-01,0.00E+00,0.00E+00,3.90E+00,1.08E-01
2.20E+00,2.20E+00,2.20E+00,2.20E+00,2.20E+00,2.20E+00,2.20E+00,2.20E+00,2.20E+00,2.20E+00,2.20E+00,2.20E+00,2.20E+00,2.20E+00,2.20E+00,2.20E+00,2.20E+00,2.20E+00,2.20E+00,2.20E+00,2.20E+00,2.20E+00,2.20E+00,2.20E+00,2.20E+00,2.20E+00,2.20E+00,2.20E+00,0.00E+00,1.60E+00,1.75E+00,0.00E+00,1.85E+00,0.00E+00,0.00E+00,0.00E+00,0.00E+00,0.00E+00,2.45E-01
2.20E+00,2.20E+00,2.20E+00,2.20E+00,2.20E+00,2.20E+00,2.20E+00,2.20E+00,2.20E+00,2.20E+00,2.20E+00,2.20E+00,2.20E+00,2.20E+00,2.20E+00,2.20E+00,2.20E+00,2.20E+00,2.20E+00,2.20E+00,2.20E+00,2.20E+00,2.20E+00,2.20E+00,2.20E+00,2.20E+00,2.20E+00,2.20E+00,8.51E+00,0.00E+00,0.00E+00,3.81E+00,0.00E+00,0.00E+00,0.00E+00,0.00E+00,0.00E+00,0.00E+00,3.10E-01
2.20E+00,2.20E+00,2.20E+00,2.20E+00,2.20E+00,2.20E+00,2.20E+00,2.20E+00,2.20E+00,2.20E+00,2.20E+00,2.20E+00,2.20E+00,2.20E+00,2.20E+00,2.20E+00,2.20E+00,2.20E+00,2.20E+00,2.20E+00,2.20E+00,2.20E+00,2.20E+00,2.20E+00,2.20E+00,2.20E+00,2.20E+00,2.20E+00,0.00E+00,0.00E+00,1.31E+00,2.05E+00,0.00E+00,0.00E+00,8.83E-01,0.00E+00,0.00E+00,0.00E+00,2.00E-01
2.20E+00,2.20E+00,2.20E+00,2.20E+00,2.20E+00,2.20E+00,2.20E+00,2.20E+00,2.20E+00,2.20E+00,2.20E+00,2.20E+00,2.20E+00,2.20E+00,2.20E+00,2.20E+00,2.20E+00,2.20E+00,2.20E+00,2.20E+00,2.20E+00,2.20E+00,2.20E+00,2.20E+00,2.20E+00,2.20E+00,2.20E+00,2.20E+00,1.00E+01,0.00E+00,0.00E+00,0.00E+00,0.00E+00,0.00E+00,0.00E+00,0.00E+00,0.00E+00,1.49E+01,2.08E-01
2.20E+00,2.20E+00,2.20E+00,2.20E+00,2.20E+00,2.20E+00,2.20E+00,2.20E+00,2.20E+00,2.20E+00,2.20E+00,2.20E+00,2.20E+00,2.20E+00,2.20E+00,2.20E+00,2.20E+00,2.20E+00,2.20E+00,2.20E+00,2.20E+00,2.20E+00,2.20E+00,2.20E+00,2.20E+00,2.20E+00,2.20E+00,2.20E+00,0.00E+00,3.38E+00,0.00E+00,0.00E+00,2.93E+00,5.24E+00,0.00E+00,0.00E+00,0.00E+00,0.00E+00,3.84E-01
2.20E+00,2.20E+00,2.20E+00,2.20E+00,2.20E+00,2.20E+00,2.20E+00,2.20E+00,2.20E+00,2.20E+00,2.20E+00,2.20E+00,2.20E+00,2.20E+00,2.20E+00,2.20E+00,2.20E+00,2.20E+00,2.20E+00,2.20E+00,2.20E+00,2.20E+00,2.20E+00,2.20E+00,2.20E+00,2.20E+00,2.20E+00,2.20E+00,6.13E+00,0.00E+00,0.00E+00,2.10E+00,0.00E+00,0.00E+00,0.00E+00,0.00E+00,0.00E+00,8.42E+00,2.25E-01
2.20E+00,2.20E+00,2.20E+00,2.20E+00,2.20E+00,2.20E+00,2.20E+00,2.20E+00,2.20E+00,2.20E+00,2.20E+00,2.20E+00,2.20E+00,2.20E+00,2.20E+00,2.20E+00,2.20E+00,2.20E+00,2.20E+00,2.20E+00,2.20E+00,2.20E+00,2.20E+00,2.20E+00,2.20E+00,2.20E+00,2.20E+00,2.20E+00,8.73E+00,0.00E+00,0.00E+00,0.00E+00,5.17E+00,5.18E+00,0.00E+00,0.00E+00,0.00E+00,0.00E+00,3.52E-01
2.20E+00,2.20E+00,2.20E+00,2.20E+00,2.20E+00,2.20E+00,2.20E+00,2.20E+00,2.20E+00,2.20E+00,2.20E+00,2.20E+00,2.20E+00,2.20E+00,2.20E+00,2.20E+00,2.20E+00,2.20E+00,2.20E+00,2.20E+00,2.20E+00,2.20E+00,2.20E+00,2.20E+00,2.20E+00,2.20E+00,2.20E+00,2.20E+00,0.00E+00,0.00E+00,4.12E+00,0.00E+00,0.00E+00,0.00E+00,1.35E+00,1.40E-01,0.00E+00,0.00E+00,2.26E-01
2.20E+00,2.20E+00,2.20E+00,2.20E+00,2.20E+00,2.20E+00,2.20E+00,2.20E+00,2.20E+00,2.20E+00,2.20E+00,2.20E+00,2.20E+00,2.20E+00,2.20E+00,2.20E+00,2.20E+00,2.20E+00,2.20E+00,2.20E+00,2.20E+00,2.20E+00,2.20E+00,2.20E+00,2.20E+00,2.20E+00,2.20E+00,2.20E+00,0.00E+00,0.00E+00,0.00E+00,0.00E+00,1.23E+00,0.00E+00,0.00E+00,4.77E-01,0.00E+00,5.59E+00,1.34E-01
2.20E+00,2.20E+00,2.20E+00,2.20E+00,2.20E+00,2.20E+00,2.20E+00,2.20E+00,2.20E+00,2.20E+00,2.20E+00,2.20E+00,2.20E+00,2.20E+00,2.20E+00,2.20E+00,2.20E+00,2.20E+00,2.20E+00,2.20E+00,2.20E+00,2.20E+00,2.20E+00,2.20E+00,2.20E+00,2.20E+00,2.20E+00,2.20E+00,4.37E+00,0.00E+00,1.24E+00,1.54E+00,0.00E+00,0.00E+00,0.00E+00,0.00E+00,0.00E+00,6.13E+00,2.40E-01
2.20E+00,2.20E+00,2.20E+00,2.20E+00,2.20E+00,2.20E+00,2.20E+00,2.20E+00,2.20E+00,2.20E+00,2.20E+00,2.20E+00,2.20E+00,2.20E+00,2.20E+00,2.20E+00,2.20E+00,2.20E+00,2.20E+00,2.20E+00,2.20E+00,2.20E+00,2.20E+00,2.20E+00,2.20E+00,2.20E+00,2.20E+00,2.20E+00,7.31E+00,2.32E+00,0.00E+00,3.50E+00,0.00E+00,0.00E+00,0.00E+00,0.00E+00,0.00E+00,0.00E+00,3.65E-01
2.20E+00,2.20E+00,2.20E+00,2.20E+00,2.20E+00,2.20E+00,2.20E+00,2.20E+00,2.20E+00,2.20E+00,2.20E+00,2.20E+00,2.20E+00,2.20E+00,2.20E+00,2.20E+00,2.20E+00,2.20E+00,2.20E+00,2.20E+00,2.20E+00,2.20E+00,2.20E+00,2.20E+00,2.20E+00,2.20E+00,2.20E+00,2.20E+00,0.00E+00,0.00E+00,0.00E+00,0.00E+00,1.43E+00,2.85E+00,8.14E-01,0.00E+00,0.00E+00,6.08E+00,1.86E-01
2.20E+00,2.20E+00,2.20E+00,2.20E+00,2.20E+00,2.20E+00,2.20E+00,2.20E+00,2.20E+00,2.20E+00,2.20E+00,2.20E+00,2.20E+00,2.20E+00,2.20E+00,2.20E+00,2.20E+00,2.20E+00,2.20E+00,2.20E+00,2.20E+00,2.20E+00,2.20E+00,2.20E+00,2.20E+00,2.20E+00,2.20E+00,2.20E+00,0.00E+00,1.63E+00,0.00E+00,0.00E+00,6.67E-01,0.00E+00,8.50E-01,0.00E+00,0.00E+00,3.96E+00,1.61E-01
2.20E+00,2.20E+00,2.20E+00,2.20E+00,2.20E+00,2.20E+00,2.20E+00,2.20E+00,2.20E+00,2.20E+00,2.20E+00,2.20E+00,2.20E+00,2.20E+00,2.20E+00,2.20E+00,2.20E+00,2.20E+00,2.20E+00,2.20E+00,2.20E+00,2.20E+00,2.20E+00,2.20E+00,2.20E+00,2.20E+00,2.20E+00,2.20E+00,3.93E+00,4.13E+00,0.00E+00,0.00E+00,0.00E+00,4.31E+00,1.13E+00,0.00E+00,0.00E+00,0.00E+00,3.44E-01
2.20E+00,2.20E+00,2.20E+00,2.20E+00,2.20E+00,2.20E+00,2.20E+00,2.20E+00,2.20E+00,2.20E+00,2.20E+00,2.20E+00,2.20E+00,2.20E+00,2.20E+00,2.20E+00,2.20E+00,2.20E+00,2.20E+00,2.20E+00,2.20E+00,2.20E+00,2.20E+00,2.20E+00,2.20E+00,2.20E+00,2.20E+00,2.20E+00,6.87E+00,0.00E+00,2.28E+00,2.30E+00,0.00E+00,0.00E+00,0.00E+00,0.00E+00,0.00E+00,0.00E+00,2.96E-01
2.20E+00,2.20E+00,2.20E+00,2.20E+00,2.20E+00,2.20E+00,2.20E+00,2.20E+00,2.20E+00,2.20E+00,2.20E+00,2.20E+00,2.20E+00,2.20E+00,2.20E+00,2.20E+00,2.20E+00,2.20E+00,2.20E+00,2.20E+00,2.20E+00,2.20E+00,2.20E+00,2.20E+00,2.20E+00,2.20E+00,2.20E+00,2.20E+00,9.07E+00,0.00E+00,0.00E+00,3.54E+00,5.72E+00,0.00E+00,0.00E+00,0.00E+00,0.00E+00,0.00E+00,4.13E-01
2.20E+00,2.20E+00,2.20E+00,2.20E+00,2.20E+00,2.20E+00,2.20E+00,2.20E+00,2.20E+00,2.20E+00,2.20E+00,2.20E+00,2.20E+00,2.20E+00,2.20E+00,2.20E+00,2.20E+00,2.20E+00,2.20E+00,2.20E+00,2.20E+00,2.20E+00,2.20E+00,2.20E+00,2.20E+00,2.20E+00,2.20E+00,2.20E+00,8.99E+00,0.00E+00,0.00E+00,0.00E+00,0.00E+00,5.57E+00,1.37E+00,0.00E+00,0.00E+00,0.00E+00,2.56E-01
2.20E+00,2.20E+00,2.20E+00,2.20E+00,2.20E+00,2.20E+00,2.20E+00,2.20E+00,2.20E+00,2.20E+00,2.20E+00,2.20E+00,2.20E+00,2.20E+00,2.20E+00,2.20E+00,2.20E+00,2.20E+00,2.20E+00,2.20E+00,2.20E+00,2.20E+00,2.20E+00,2.20E+00,2.20E+00,2.20E+00,2.20E+00,2.20E+00,0.00E+00,0.00E+00,0.00E+00,3.31E+00,3.20E+00,5.60E+00,0.00E+00,0.00E+00,0.00E+00,0.00E+00,3.95E-01
2.20E+00,2.20E+00,2.20E+00,2.20E+00,2.20E+00,2.20E+00,2.20E+00,2.20E+00,2.20E+00,2.20E+00,2.20E+00,2.20E+00,2.20E+00,2.20E+00,2.20E+00,2.20E+00,2.20E+00,2.20E+00,2.20E+00,2.20E+00,2.20E+00,2.20E+00,2.20E+00,2.20E+00,2.20E+00,2.20E+00,2.20E+00,2.20E+00,0.00E+00,0.00E+00,0.00E+00,5.32E+00,0.00E+00,6.12E+00,1.41E+00,0.00E+00,0.00E+00,0.00E+00,4.21E-01
2.20E+00,2.20E+00,2.20E+00,2.20E+00,2.20E+00,2.20E+00,2.20E+00,2.20E+00,2.20E+00,2.20E+00,2.20E+00,2.20E+00,2.20E+00,2.20E+00,2.20E+00,2.20E+00,2.20E+00,2.20E+00,2.20E+00,2.20E+00,2.20E+00,2.20E+00,2.20E+00,2.20E+00,2.20E+00,2.20E+00,2.20E+00,2.20E+00,0.00E+00,2.11E+00,1.95E+00,0.00E+00,0.00E+00,4.28E+00,0.00E+00,9.12E-01,0.00E+00,0.00E+00,3.05E-01
2.20E+00,2.20E+00,2.20E+00,2.20E+00,2.20E+00,2.20E+00,2.20E+00,2.20E+00,2.20E+00,2.20E+00,2.20E+00,2.20E+00,2.20E+00,2.20E+00,2.20E+00,2.20E+00,2.20E+00,2.20E+00,2.20E+00,2.20E+00,2.20E+00,2.20E+00,2.20E+00,2.20E+00,2.20E+00,2.20E+00,2.20E+00,2.20E+00,0.00E+00,0.00E+00,0.00E+00,0.00E+00,4.28E+00,0.00E+00,1.00E+00,0.00E+00,0.00E+00,1.31E+01,2.32E-01
2.20E+00,2.20E+00,2.20E+00,2.20E+00,2.20E+00,2.20E+00,2.20E+00,2.20E+00,2.20E+00,2.20E+00,2.20E+00,2.20E+00,2.20E+00,2.20E+00,2.20E+00,2.20E+00,2.20E+00,2.20E+00,2.20E+00,2.20E+00,2.20E+00,2.20E+00,2.20E+00,2.20E+00,2.20E+00,2.20E+00,2.20E+00,2.20E+00,0.00E+00,0.00E+00,0.00E+00,2.78E+00,0.00E+00,3.34E+00,8.90E-01,0.00E+00,0.00E+00,5.16E+00,2.71E-01
2.20E+00,2.20E+00,2.20E+00,2.20E+00,2.20E+00,2.20E+00,2.20E+00,2.20E+00,2.20E+00,2.20E+00,2.20E+00,2.20E+00,2.20E+00,2.20E+00,2.20E+00,2.20E+00,2.20E+00,2.20E+00,2.20E+00,2.20E+00,2.20E+00,2.20E+00,2.20E+00,2.20E+00,2.20E+00,2.20E+00,2.20E+00,2.20E+00,0.00E+00,2.52E+00,1.66E+00,2.52E+00,0.00E+00,0.00E+00,0.00E+00,5.56E-01,0.00E+00,0.00E+00,3.35E-01
2.20E+00,2.20E+00,2.20E+00,2.20E+00,2.20E+00,2.20E+00,2.20E+00,2.20E+00,2.20E+00,2.20E+00,2.20E+00,2.20E+00,2.20E+00,2.20E+00,2.20E+00,2.20E+00,2.20E+00,2.20E+00,2.20E+00,2.20E+00,2.20E+00,2.20E+00,2.20E+00,2.20E+00,2.20E+00,2.20E+00,2.20E+00,2.20E+00,0.00E+00,1.92E+00,0.00E+00,2.68E+00,0.00E+00,0.00E+00,0.00E+00,2.73E-01,0.00E+00,5.01E+00,2.78E-01
2.20E+00,2.20E+00,2.20E+00,2.20E+00,2.20E+00,2.20E+00,2.20E+00,2.20E+00,2.20E+00,2.20E+00,2.20E+00,2.20E+00,2.20E+00,2.20E+00,2.20E+00,2.20E+00,2.20E+00,2.20E+00,2.20E+00,2.20E+00,2.20E+00,2.20E+00,2.20E+00,2.20E+00,2.20E+00,2.20E+00,2.20E+00,2.20E+00,0.00E+00,0.00E+00,0.00E+00,0.00E+00,0.00E+00,0.00E+00,8.47E-01,7.23E-01,0.00E+00,4.51E+00,7.65E-02
2.20E+00,2.20E+00,2.20E+00,2.20E+00,2.20E+00,2.20E+00,2.20E+00,2.20E+00,2.20E+00,2.20E+00,2.20E+00,2.20E+00,2.20E+00,2.20E+00,2.20E+00,2.20E+00,2.20E+00,2.20E+00,2.20E+00,2.20E+00,2.20E+00,2.20E+00,2.20E+00,2.20E+00,2.20E+00,2.20E+00,2.20E+00,2.20E+00,0.00E+00,0.00E+00,0.00E+00,0.00E+00,0.00E+00,0.00E+00,1.02E+00,6.66E-01,0.00E+00,0.00E+00,7.04E-02
2.20E+00,2.20E+00,2.20E+00,2.20E+00,2.20E+00,2.20E+00,2.20E+00,2.20E+00,2.20E+00,2.20E+00,2.20E+00,2.20E+00,2.20E+00,2.20E+00,2.20E+00,2.20E+00,2.20E+00,2.20E+00,2.20E+00,2.20E+00,2.20E+00,2.20E+00,2.20E+00,2.20E+00,2.20E+00,2.20E+00,2.20E+00,2.20E+00,0.00E+00,0.00E+00,0.00E+00,3.52E+00,0.00E+00,0.00E+00,9.18E-01,0.00E+00,0.00E+00,0.00E+00,2.10E-01
2.20E+00,2.20E+00,2.20E+00,2.20E+00,2.20E+00,2.20E+00,2.20E+00,2.20E+00,2.20E+00,2.20E+00,2.20E+00,2.20E+00,2.20E+00,2.20E+00,2.20E+00,2.20E+00,2.20E+00,2.20E+00,2.20E+00,2.20E+00,2.20E+00,2.20E+00,2.20E+00,2.20E+00,2.20E+00,2.20E+00,2.20E+00,2.20E+00,5.31E+00,0.00E+00,0.00E+00,0.00E+00,0.00E+00,0.00E+00,7.54E-01,0.00E+00,0.00E+00,0.00E+00,1.14E-01
2.20E+00,2.20E+00,2.20E+00,2.20E+00,2.20E+00,2.20E+00,2.20E+00,2.20E+00,2.20E+00,2.20E+00,2.20E+00,2.20E+00,2.20E+00,2.20E+00,2.20E+00,2.20E+00,2.20E+00,2.20E+00,2.20E+00,2.20E+00,2.20E+00,2.20E+00,2.20E+00,2.20E+00,2.20E+00,2.20E+00,2.20E+00,2.20E+00,0.00E+00,0.00E+00,0.00E+00,3.70E+00,0.00E+00,0.00E+00,0.00E+00,0.00E+00,0.00E+00,0.00E+00,2.19E-01
2.20E+00,2.20E+00,2.20E+00,2.20E+00,2.20E+00,2.20E+00,2.20E+00,2.20E+00,2.20E+00,2.20E+00,2.20E+00,2.20E+00,2.20E+00,2.20E+00,2.20E+00,2.20E+00,2.20E+00,2.20E+00,2.20E+00,2.20E+00,2.20E+00,2.20E+00,2.20E+00,2.20E+00,2.20E+00,2.20E+00,2.20E+00,2.20E+00,0.00E+00,3.44E+00,0.00E+00,0.00E+00,0.00E+00,5.88E+00,0.00E+00,0.00E+00,0.00E+00,0.00E+00,3.32E-01
2.20E+00,2.20E+00,2.20E+00,2.20E+00,2.20E+00,2.20E+00,2.20E+00,2.20E+00,2.20E+00,2.20E+00,2.20E+00,2.20E+00,2.20E+00,2.20E+00,2.20E+00,2.20E+00,2.20E+00,2.20E+00,2.20E+00,2.20E+00,2.20E+00,2.20E+00,2.20E+00,2.20E+00,2.20E+00,2.20E+00,2.20E+00,2.20E+00,0.00E+00,0.00E+00,0.00E+00,0.00E+00,0.00E+00,0.00E+00,0.00E+00,0.00E+00,0.00E+00,0.00E+00,1.37E-01
2.20E+00,2.20E+00,2.20E+00,2.20E+00,2.20E+00,2.20E+00,2.20E+00,2.20E+00,2.20E+00,2.20E+00,2.20E+00,2.20E+00,2.20E+00,2.20E+00,2.20E+00,2.20E+00,2.20E+00,2.20E+00,2.20E+00,2.20E+00,2.20E+00,2.20E+00,2.20E+00,2.20E+00,2.20E+00,2.20E+00,2.20E+00,2.20E+00,5.59E+00,0.00E+00,0.00E+00,0.00E+00,0.00E+00,0.00E+00,0.00E+00,0.00E+00,0.00E+00,8.23E+00,1.36E-01
2.20E+00,2.20E+00,2.20E+00,2.20E+00,2.20E+00,2.20E+00,2.20E+00,2.20E+00,2.20E+00,2.20E+00,2.20E+00,2.20E+00,2.20E+00,2.20E+00,2.20E+00,2.20E+00,2.20E+00,2.20E+00,2.20E+00,2.20E+00,2.20E+00,2.20E+00,2.20E+00,2.20E+00,2.20E+00,2.20E+00,2.20E+00,2.20E+00,0.00E+00,0.00E+00,0.00E+00,0.00E+00,1.80E+00,0.00E+00,0.00E+00,6.41E-01,0.00E+00,0.00E+00,1.07E-01
2.20E+00,2.20E+00,2.20E+00,2.20E+00,2.20E+00,2.20E+00,2.20E+00,2.20E+00,2.20E+00,2.20E+00,2.20E+00,2.20E+00,2.20E+00,2.20E+00,2.20E+00,2.20E+00,2.20E+00,2.20E+00,2.20E+00,2.20E+00,2.20E+00,2.20E+00,2.20E+00,2.20E+00,2.20E+00,2.20E+00,2.20E+00,2.20E+00,0.00E+00,0.00E+00,4.23E+00,0.00E+00,0.00E+00,0.00E+00,0.00E+00,0.00E+00,0.00E+00,0.00E+00,2.28E-01
2.20E+00,2.20E+00,2.20E+00,2.20E+00,2.20E+00,2.20E+00,2.20E+00,2.20E+00,2.20E+00,2.20E+00,2.20E+00,2.20E+00,2.20E+00,2.20E+00,2.20E+00,2.20E+00,2.20E+00,2.20E+00,2.20E+00,2.20E+00,2.20E+00,2.20E+00,2.20E+00,2.20E+00,2.20E+00,2.20E+00,2.20E+00,2.20E+00,0.00E+00,0.00E+00,0.00E+00,0.00E+00,0.00E+00,4.56E+00,0.00E+00,0.00E+00,0.00E+00,7.02E+00,2.02E-01
2.20E+00,2.20E+00,2.20E+00,2.20E+00,2.20E+00,2.20E+00,2.20E+00,2.20E+00,2.20E+00,2.20E+00,2.20E+00,2.20E+00,2.20E+00,2.20E+00,2.20E+00,2.20E+00,2.20E+00,2.20E+00,2.20E+00,2.20E+00,2.20E+00,2.20E+00,2.20E+00,2.20E+00,2.20E+00,2.20E+00,2.20E+00,2.20E+00,0.00E+00,0.00E+00,0.00E+00,0.00E+00,0.00E+00,6.30E+00,0.00E+00,0.00E+00,0.00E+00,1.31E+01,2.28E-01
2.20E+00,2.20E+00,2.20E+00,2.20E+00,2.20E+00,2.20E+00,2.20E+00,2.20E+00,2.20E+00,2.20E+00,2.20E+00,2.20E+00,2.20E+00,2.20E+00,2.20E+00,2.20E+00,2.20E+00,2.20E+00,2.20E+00,2.20E+00,2.20E+00,2.20E+00,2.20E+00,2.20E+00,2.20E+00,2.20E+00,2.20E+00,2.20E+00,0.00E+00,0.00E+00,1.94E+00,0.00E+00,0.00E+00,3.96E+00,0.00E+00,9.80E-01,0.00E+00,0.00E+00,2.13E-01
2.20E+00,2.20E+00,2.20E+00,2.20E+00,2.20E+00,2.20E+00,2.20E+00,2.20E+00,2.20E+00,2.20E+00,2.20E+00,2.20E+00,2.20E+00,2.20E+00,2.20E+00,2.20E+00,2.20E+00,2.20E+00,2.20E+00,2.20E+00,2.20E+00,2.20E+00,2.20E+00,2.20E+00,2.20E+00,2.20E+00,2.20E+00,2.20E+00,0.00E+00,3.60E+00,0.00E+00,0.00E+00,0.00E+00,0.00E+00,8.84E-01,0.00E+00,0.00E+00,3.73E+00,2.62E-01
2.20E+00,2.20E+00,2.20E+00,2.20E+00,2.20E+00,2.20E+00,2.20E+00,2.20E+00,2.20E+00,2.20E+00,2.20E+00,2.20E+00,2.20E+00,2.20E+00,2.20E+00,2.20E+00,2.20E+00,2.20E+00,2.20E+00,2.20E+00,2.20E+00,2.20E+00,2.20E+00,2.20E+00,2.20E+00,2.20E+00,2.20E+00,2.20E+00,4.65E+00,0.00E+00,1.60E+00,0.00E+00,0.00E+00,0.00E+00,0.00E+00,0.00E+00,0.00E+00,6.75E+00,1.86E-01
2.20E+00,2.20E+00,2.20E+00,2.20E+00,2.20E+00,2.20E+00,2.20E+00,2.20E+00,2.20E+00,2.20E+00,2.20E+00,2.20E+00,2.20E+00,2.20E+00,2.20E+00,2.20E+00,2.20E+00,2.20E+00,2.20E+00,2.20E+00,2.20E+00,2.20E+00,2.20E+00,2.20E+00,2.20E+00,2.20E+00,2.20E+00,2.20E+00,0.00E+00,1.30E+00,0.00E+00,0.00E+00,1.60E+00,0.00E+00,0.00E+00,7.06E-01,0.00E+00,0.00E+00,1.69E-01
2.20E+00,2.20E+00,2.20E+00,2.20E+00,2.20E+00,2.20E+00,2.20E+00,2.20E+00,2.20E+00,2.20E+00,2.20E+00,2.20E+00,2.20E+00,2.20E+00,2.20E+00,2.20E+00,2.20E+00,2.20E+00,2.20E+00,2.20E+00,2.20E+00,2.20E+00,2.20E+00,2.20E+00,2.20E+00,2.20E+00,2.20E+00,2.20E+00,0.00E+00,2.64E+00,0.00E+00,2.86E+00,2.90E+00,0.00E+00,0.00E+00,0.00E+00,0.00E+00,0.00E+00,3.62E-01
2.20E+00,2.20E+00,2.20E+00,2.20E+00,2.20E+00,2.20E+00,2.20E+00,2.20E+00,2.20E+00,2.20E+00,2.20E+00,2.20E+00,2.20E+00,2.20E+00,2.20E+00,2.20E+00,2.20E+00,2.20E+00,2.20E+00,2.20E+00,2.20E+00,2.20E+00,2.20E+00,2.20E+00,2.20E+00,2.20E+00,2.20E+00,2.20E+00,7.55E+00,0.00E+00,3.38E+00,0.00E+00,0.00E+00,0.00E+00,0.00E+00,0.00E+00,0.00E+00,0.00E+00,2.55E-01
2.20E+00,2.20E+00,2.20E+00,2.20E+00,2.20E+00,2.20E+00,2.20E+00,2.20E+00,2.20E+00,2.20E+00,2.20E+00,2.20E+00,2.20E+00,2.20E+00,2.20E+00,2.20E+00,2.20E+00,2.20E+00,2.20E+00,2.20E+00,2.20E+00,2.20E+00,2.20E+00,2.20E+00,2.20E+00,2.20E+00,2.20E+00,2.20E+00,0.00E+00,0.00E+00,0.00E+00,1.77E+00,0.00E+00,4.01E+00,0.00E+00,0.00E+00,0.00E+00,5.98E+00,2.43E-01
2.20E+00,2.20E+00,2.20E+00,2.20E+00,2.20E+00,2.20E+00,2.20E+00,2.20E+00,2.20E+00,2.20E+00,2.20E+00,2.20E+00,2.20E+00,2.20E+00,2.20E+00,2.20E+00,2.20E+00,2.20E+00,2.20E+00,2.20E+00,2.20E+00,2.20E+00,2.20E+00,2.20E+00,2.20E+00,2.20E+00,2.20E+00,2.20E+00,4.95E+00,0.00E+00,0.00E+00,0.00E+00,0.00E+00,4.11E+00,0.00E+00,3.47E-01,0.00E+00,0.00E+00,1.94E-01
2.20E+00,2.20E+00,2.20E+00,2.20E+00,2.20E+00,2.20E+00,2.20E+00,2.20E+00,2.20E+00,2.20E+00,2.20E+00,2.20E+00,2.20E+00,2.20E+00,2.20E+00,2.20E+00,2.20E+00,2.20E+00,2.20E+00,2.20E+00,2.20E+00,2.20E+00,2.20E+00,2.20E+00,2.20E+00,2.20E+00,2.20E+00,2.20E+00,4.73E+00,2.95E+00,0.00E+00,0.00E+00,4.85E+00,0.00E+00,0.00E+00,0.00E+00,0.00E+00,0.00E+00,3.36E-01
2.20E+00,2.20E+00,2.20E+00,2.20E+00,2.20E+00,2.20E+00,2.20E+00,2.20E+00,2.20E+00,2.20E+00,2.20E+00,2.20E+00,2.20E+00,2.20E+00,2.20E+00,2.20E+00,2.20E+00,2.20E+00,2.20E+00,2.20E+00,2.20E+00,2.20E+00,2.20E+00,2.20E+00,2.20E+00,2.20E+00,2.20E+00,2.20E+00,0.00E+00,2.77E+00,2.61E+00,0.00E+00,0.00E+00,4.95E+00,0.00E+00,0.00E+00,0.00E+00,0.00E+00,3.69E-01
2.20E+00,2.20E+00,2.20E+00,2.20E+00,2.20E+00,2.20E+00,2.20E+00,2.20E+00,2.20E+00,2.20E+00,2.20E+00,2.20E+00,2.20E+00,2.20E+00,2.20E+00,2.20E+00,2.20E+00,2.20E+00,2.20E+00,2.20E+00,2.20E+00,2.20E+00,2.20E+00,2.20E+00,2.20E+00,2.20E+00,2.20E+00,2.20E+00,6.70E+00,0.00E+00,0.00E+00,0.00E+00,0.00E+00,0.00E+00,0.00E+00,0.00E+00,0.00E+00,9.12E+00,1.77E-01
2.20E+00,2.20E+00,2.20E+00,2.20E+00,2.20E+00,2.20E+00,2.20E+00,2.20E+00,2.20E+00,2.20E+00,2.20E+00,2.20E+00,2.20E+00,2.20E+00,2.20E+00,2.20E+00,2.20E+00,2.20E+00,2.20E+00,2.20E+00,2.20E+00,2.20E+00,2.20E+00,2.20E+00,2.20E+00,2.20E+00,2.20E+00,2.20E+00,0.00E+00,0.00E+00,2.20E+00,0.00E+00,0.00E+00,0.00E+00,1.06E+00,7.69E-01,0.00E+00,0.00E+00,1.58E-01
2.20E+00,2.20E+00,2.20E+00,2.20E+00,2.20E+00,2.20E+00,2.20E+00,2.20E+00,2.20E+00,2.20E+00,2.20E+00,2.20E+00,2.20E+00,2.20E+00,2.20E+00,2.20E+00,2.20E+00,2.20E+00,2.20E+00,2.20E+00,2.20E+00,2.20E+00,2.20E+00,2.20E+00,2.20E+00,2.20E+00,2.20E+00,2.20E+00,0.00E+00,0.00E+00,0.00E+00,0.00E+00,0.00E+00,0.00E+00,0.00E+00,0.00E+00,0.00E+00,1.39E+01,1.54E-01
2.20E+00,2.20E+00,2.20E+00,2.20E+00,2.20E+00,2.20E+00,2.20E+00,2.20E+00,2.20E+00,2.20E+00,2.20E+00,2.20E+00,2.20E+00,2.20E+00,2.20E+00,2.20E+00,2.20E+00,2.20E+00,2.20E+00,2.20E+00,2.20E+00,2.20E+00,2.20E+00,2.20E+00,2.20E+00,2.20E+00,2.20E+00,2.20E+00,0.00E+00,0.00E+00,0.00E+00,0.00E+00,0.00E+00,6.59E+00,0.00E+00,3.98E-01,0.00E+00,0.00E+00,1.89E-01
2.20E+00,2.20E+00,2.20E+00,2.20E+00,2.20E+00,2.20E+00,2.20E+00,2.20E+00,2.20E+00,2.20E+00,2.20E+00,2.20E+00,2.20E+00,2.20E+00,2.20E+00,2.20E+00,2.20E+00,2.20E+00,2.20E+00,2.20E+00,2.20E+00,2.20E+00,2.20E+00,2.20E+00,2.20E+00,2.20E+00,2.20E+00,2.20E+00,0.00E+00,2.04E+00,0.00E+00,0.00E+00,0.00E+00,0.00E+00,0.00E+00,0.00E+00,0.00E+00,0.00E+00,1.65E-01
2.20E+00,2.20E+00,2.20E+00,2.20E+00,2.20E+00,2.20E+00,2.20E+00,2.20E+00,2.20E+00,2.20E+00,2.20E+00,2.20E+00,2.20E+00,2.20E+00,2.20E+00,2.20E+00,2.20E+00,2.20E+00,2.20E+00,2.20E+00,2.20E+00,2.20E+00,2.20E+00,2.20E+00,2.20E+00,2.20E+00,2.20E+00,2.20E+00,0.00E+00,0.00E+00,0.00E+00,0.00E+00,1.13E+00,3.80E+00,9.32E-01,0.00E+00,0.00E+00,0.00E+00,1.71E-01
2.20E+00,2.20E+00,2.20E+00,2.20E+00,2.20E+00,2.20E+00,2.20E+00,2.20E+00,2.20E+00,2.20E+00,2.20E+00,2.20E+00,2.20E+00,2.20E+00,2.20E+00,2.20E+00,2.20E+00,2.20E+00,2.20E+00,2.20E+00,2.20E+00,2.20E+00,2.20E+00,2.20E+00,2.20E+00,2.20E+00,2.20E+00,2.20E+00,5.29E+00,0.00E+00,0.00E+00,2.10E+00,0.00E+00,0.00E+00,0.00E+00,0.00E+00,0.00E+00,7.47E+00,2.15E-01
2.20E+00,2.20E+00,2.20E+00,2.20E+00,2.20E+00,2.20E+00,2.20E+00,2.20E+00,2.20E+00,2.20E+00,2.20E+00,2.20E+00,2.20E+00,2.20E+00,2.20E+00,2.20E+00,2.20E+00,2.20E+00,2.20E+00,2.20E+00,2.20E+00,2.20E+00,2.20E+00,2.20E+00,2.20E+00,2.20E+00,2.20E+00,2.20E+00,0.00E+00,0.00E+00,0.00E+00,0.00E+00,1.87E+00,0.00E+00,0.00E+00,4.38E-01,0.00E+00,7.43E+00,1.55E-01
2.20E+00,2.20E+00,2.20E+00,2.20E+00,2.20E+00,2.20E+00,2.20E+00,2.20E+00,2.20E+00,2.20E+00,2.20E+00,2.20E+00,2.20E+00,2.20E+00,2.20E+00,2.20E+00,2.20E+00,2.20E+00,2.20E+00,2.20E+00,2.20E+00,2.20E+00,2.20E+00,2.20E+00,2.20E+00,2.20E+00,2.20E+00,2.20E+00,5.50E+00,0.00E+00,0.00E+00,4.23E+00,0.00E+00,0.00E+00,7.67E-01,0.00E+00,0.00E+00,0.00E+00,3.02E-01
2.20E+00,2.20E+00,2.20E+00,2.20E+00,2.20E+00,2.20E+00,2.20E+00,2.20E+00,2.20E+00,2.20E+00,2.20E+00,2.20E+00,2.20E+00,2.20E+00,2.20E+00,2.20E+00,2.20E+00,2.20E+00,2.20E+00,2.20E+00,2.20E+00,2.20E+00,2.20E+00,2.20E+00,2.20E+00,2.20E+00,2.20E+00,2.20E+00,0.00E+00,7.83E-01,0.00E+00,0.00E+00,0.00E+00,6.35E+00,0.00E+00,0.00E+00,0.00E+00,1.10E+01,2.71E-01
2.20E+00,2.20E+00,2.20E+00,2.20E+00,2.20E+00,2.20E+00,2.20E+00,2.20E+00,2.20E+00,2.20E+00,2.20E+00,2.20E+00,2.20E+00,2.20E+00,2.20E+00,2.20E+00,2.20E+00,2.20E+00,2.20E+00,2.20E+00,2.20E+00,2.20E+00,2.20E+00,2.20E+00,2.20E+00,2.20E+00,2.20E+00,2.20E+00,0.00E+00,0.00E+00,1.79E+00,1.66E+00,0.00E+00,0.00E+00,0.00E+00,0.00E+00,0.00E+00,1.02E+01,2.41E-01
2.20E+00,2.20E+00,2.20E+00,2.20E+00,2.20E+00,2.20E+00,2.20E+00,2.20E+00,2.20E+00,2.20E+00,2.20E+00,2.20E+00,2.20E+00,2.20E+00,2.20E+00,2.20E+00,2.20E+00,2.20E+00,2.20E+00,2.20E+00,2.20E+00,2.20E+00,2.20E+00,2.20E+00,2.20E+00,2.20E+00,2.20E+00,2.20E+00,0.00E+00,0.00E+00,0.00E+00,3.76E+00,1.43E+00,3.58E+00,8.92E-01,0.00E+00,0.00E+00,0.00E+00,3.36E-01
2.20E+00,2.20E+00,2.20E+00,2.20E+00,2.20E+00,2.20E+00,2.20E+00,2.20E+00,2.20E+00,2.20E+00,2.20E+00,2.20E+00,2.20E+00,2.20E+00,2.20E+00,2.20E+00,2.20E+00,2.20E+00,2.20E+00,2.20E+00,2.20E+00,2.20E+00,2.20E+00,2.20E+00,2.20E+00,2.20E+00,2.20E+00,2.20E+00,4.02E+00,0.00E+00,1.06E+00,1.90E+00,3.82E+00,0.00E+00,0.00E+00,0.00E+00,0.00E+00,0.00E+00,3.03E-01
2.20E+00,2.20E+00,2.20E+00,2.20E+00,2.20E+00,2.20E+00,2.20E+00,2.20E+00,2.20E+00,2.20E+00,2.20E+00,2.20E+00,2.20E+00,2.20E+00,2.20E+00,2.20E+00,2.20E+00,2.20E+00,2.20E+00,2.20E+00,2.20E+00,2.20E+00,2.20E+00,2.20E+00,2.20E+00,2.20E+00,2.20E+00,2.20E+00,6.86E+00,0.00E+00,0.00E+00,0.00E+00,3.07E+00,0.00E+00,8.06E-01,2.36E-01,0.00E+00,0.00E+00,1.92E-01
2.20E+00,2.20E+00,2.20E+00,2.20E+00,2.20E+00,2.20E+00,2.20E+00,2.20E+00,2.20E+00,2.20E+00,2.20E+00,2.20E+00,2.20E+00,2.20E+00,2.20E+00,2.20E+00,2.20E+00,2.20E+00,2.20E+00,2.20E+00,2.20E+00,2.20E+00,2.20E+00,2.20E+00,2.20E+00,2.20E+00,2.20E+00,2.20E+00,0.00E+00,2.34E+00,0.00E+00,0.00E+00,0.00E+00,0.00E+00,1.02E+00,6.55E-01,0.00E+00,4.52E+00,1.67E-01
2.20E+00,2.20E+00,2.20E+00,2.20E+00,2.20E+00,2.20E+00,2.20E+00,2.20E+00,2.20E+00,2.20E+00,2.20E+00,2.20E+00,2.20E+00,2.20E+00,2.20E+00,2.20E+00,2.20E+00,2.20E+00,2.20E+00,2.20E+00,2.20E+00,2.20E+00,2.20E+00,2.20E+00,2.20E+00,2.20E+00,2.20E+00,2.20E+00,0.00E+00,0.00E+00,1.63E+00,1.86E+00,1.98E+00,3.52E+00,0.00E+00,0.00E+00,0.00E+00,0.00E+00,3.26E-01
2.20E+00,2.20E+00,2.20E+00,2.20E+00,2.20E+00,2.20E+00,2.20E+00,2.20E+00,2.20E+00,2.20E+00,2.20E+00,2.20E+00,2.20E+00,2.20E+00,2.20E+00,2.20E+00,2.20E+00,2.20E+00,2.20E+00,2.20E+00,2.20E+00,2.20E+00,2.20E+00,2.20E+00,2.20E+00,2.20E+00,2.20E+00,2.20E+00,4.04E+00,0.00E+00,2.02E+00,0.00E+00,0.00E+00,3.49E+00,0.00E+00,5.50E-01,0.00E+00,0.00E+00,2.52E-01
2.20E+00,2.20E+00,2.20E+00,2.20E+00,2.20E+00,2.20E+00,2.20E+00,2.20E+00,2.20E+00,2.20E+00,2.20E+00,2.20E+00,2.20E+00,2.20E+00,2.20E+00,2.20E+00,2.20E+00,2.20E+00,2.20E+00,2.20E+00,2.20E+00,2.20E+00,2.20E+00,2.20E+00,2.20E+00,2.20E+00,2.20E+00,2.20E+00,4.19E+00,0.00E+00,0.00E+00,2.20E+00,3.67E+00,2.89E+00,0.00E+00,0.00E+00,0.00E+00,0.00E+00,3.35E-01
2.20E+00,2.20E+00,2.20E+00,2.20E+00,2.20E+00,2.20E+00,2.20E+00,2.20E+00,2.20E+00,2.20E+00,2.20E+00,2.20E+00,2.20E+00,2.20E+00,2.20E+00,2.20E+00,2.20E+00,2.20E+00,2.20E+00,2.20E+00,2.20E+00,2.20E+00,2.20E+00,2.20E+00,2.20E+00,2.20E+00,2.20E+00,2.20E+00,0.00E+00,0.00E+00,3.50E+00,0.00E+00,0.00E+00,5.60E+00,1.44E+00,0.00E+00,0.00E+00,0.00E+00,2.92E-01
2.20E+00,2.20E+00,2.20E+00,2.20E+00,2.20E+00,2.20E+00,2.20E+00,2.20E+00,2.20E+00,2.20E+00,2.20E+00,2.20E+00,2.20E+00,2.20E+00,2.20E+00,2.20E+00,2.20E+00,2.20E+00,2.20E+00,2.20E+00,2.20E+00,2.20E+00,2.20E+00,2.20E+00,2.20E+00,2.20E+00,2.20E+00,2.20E+00,0.00E+00,0.00E+00,2.02E+00,1.82E+00,0.00E+00,4.20E+00,0.00E+00,0.00E+00,0.00E+00,0.00E+00,3.05E-01
2.20E+00,2.20E+00,2.20E+00,2.20E+00,2.20E+00,2.20E+00,2.20E+00,2.20E+00,2.20E+00,2.20E+00,2.20E+00,2.20E+00,2.20E+00,2.20E+00,2.20E+00,2.20E+00,2.20E+00,2.20E+00,2.20E+00,2.20E+00,2.20E+00,2.20E+00,2.20E+00,2.20E+00,2.20E+00,2.20E+00,2.20E+00,2.20E+00,0.00E+00,0.00E+00,4.18E+00,0.00E+00,0.00E+00,0.00E+00,1.27E+00,0.00E+00,0.00E+00,0.00E+00,2.37E-01
2.20E+00,2.20E+00,2.20E+00,2.20E+00,2.20E+00,2.20E+00,2.20E+00,2.20E+00,2.20E+00,2.20E+00,2.20E+00,2.20E+00,2.20E+00,2.20E+00,2.20E+00,2.20E+00,2.20E+00,2.20E+00,2.20E+00,2.20E+00,2.20E+00,2.20E+00,2.20E+00,2.20E+00,2.20E+00,2.20E+00,2.20E+00,2.20E+00,0.00E+00,0.00E+00,1.81E+00,2.13E+00,2.63E+00,0.00E+00,0.00E+00,0.00E+00,0.00E+00,0.00E+00,2.98E-01
2.20E+00,2.20E+00,2.20E+00,2.20E+00,2.20E+00,2.20E+00,2.20E+00,2.20E+00,2.20E+00,2.20E+00,2.20E+00,2.20E+00,2.20E+00,2.20E+00,2.20E+00,2.20E+00,2.20E+00,2.20E+00,2.20E+00,2.20E+00,2.20E+00,2.20E+00,2.20E+00,2.20E+00,2.20E+00,2.20E+00,2.20E+00,2.20E+00,0.00E+00,0.00E+00,0.00E+00,0.00E+00,2.63E+00,3.97E+00,0.00E+00,0.00E+00,0.00E+00,7.36E+00,2.46E-01
2.20E+00,2.20E+00,2.20E+00,2.20E+00,2.20E+00,2.20E+00,2.20E+00,2.20E+00,2.20E+00,2.20E+00,2.20E+00,2.20E+00,2.20E+00,2.20E+00,2.20E+00,2.20E+00,2.20E+00,2.20E+00,2.20E+00,2.20E+00,2.20E+00,2.20E+00,2.20E+00,2.20E+00,2.20E+00,2.20E+00,2.20E+00,2.20E+00,0.00E+00,1.83E+00,0.00E+00,1.74E+00,0.00E+00,0.00E+00,0.00E+00,0.00E+00,0.00E+00,3.91E+00,2.31E-01
2.20E+00,2.20E+00,2.20E+00,2.20E+00,2.20E+00,2.20E+00,2.20E+00,2.20E+00,2.20E+00,2.20E+00,2.20E+00,2.20E+00,2.20E+00,2.20E+00,2.20E+00,2.20E+00,2.20E+00,2.20E+00,2.20E+00,2.20E+00,2.20E+00,2.20E+00,2.20E+00,2.20E+00,2.20E+00,2.20E+00,2.20E+00,2.20E+00,9.98E+00,0.00E+00,0.00E+00,0.00E+00,0.00E+00,0.00E+00,1.15E+00,0.00E+00,0.00E+00,0.00E+00,2.04E-01
2.20E+00,2.20E+00,2.20E+00,2.20E+00,2.20E+00,2.20E+00,2.20E+00,2.20E+00,2.20E+00,2.20E+00,2.20E+00,2.20E+00,2.20E+00,2.20E+00,2.20E+00,2.20E+00,2.20E+00,2.20E+00,2.20E+00,2.20E+00,2.20E+00,2.20E+00,2.20E+00,2.20E+00,2.20E+00,2.20E+00,2.20E+00,2.20E+00,0.00E+00,0.00E+00,3.79E+00,0.00E+00,0.00E+00,6.44E+00,0.00E+00,0.00E+00,0.00E+00,0.00E+00,3.40E-01
2.20E+00,2.20E+00,2.20E+00,2.20E+00,2.20E+00,2.20E+00,2.20E+00,2.20E+00,2.20E+00,2.20E+00,2.20E+00,2.20E+00,2.20E+00,2.20E+00,2.20E+00,2.20E+00,2.20E+00,2.20E+00,2.20E+00,2.20E+00,2.20E+00,2.20E+00,2.20E+00,2.20E+00,2.20E+00,2.20E+00,2.20E+00,2.20E+00,0.00E+00,0.00E+00,1.50E+00,1.96E+00,0.00E+00,0.00E+00,0.00E+00,5.98E-01,0.00E+00,0.00E+00,2.04E-01
2.20E+00,2.20E+00,2.20E+00,2.20E+00,2.20E+00,2.20E+00,2.20E+00,2.20E+00,2.20E+00,2.20E+00,2.20E+00,2.20E+00,2.20E+00,2.20E+00,2.20E+00,2.20E+00,2.20E+00,2.20E+00,2.20E+00,2.20E+00,2.20E+00,2.20E+00,2.20E+00,2.20E+00,2.20E+00,2.20E+00,2.20E+00,2.20E+00,0.00E+00,0.00E+00,8.45E-01,0.00E+00,1.76E+00,0.00E+00,0.00E+00,0.00E+00,0.00E+00,5.21E+00,1.66E-01
2.20E+00,2.20E+00,2.20E+00,2.20E+00,2.20E+00,2.20E+00,2.20E+00,2.20E+00,2.20E+00,2.20E+00,2.20E+00,2.20E+00,2.20E+00,2.20E+00,2.20E+00,2.20E+00,2.20E+00,2.20E+00,2.20E+00,2.20E+00,2.20E+00,2.20E+00,2.20E+00,2.20E+00,2.20E+00,2.20E+00,2.20E+00,2.20E+00,5.90E+00,0.00E+00,0.00E+00,0.00E+00,0.00E+00,0.00E+00,6.78E-01,0.00E+00,0.00E+00,7.45E+00,1.32E-01
2.20E+00,2.20E+00,2.20E+00,2.20E+00,2.20E+00,2.20E+00,2.20E+00,2.20E+00,2.20E+00,2.20E+00,2.20E+00,2.20E+00,2.20E+00,2.20E+00,2.20E+00,2.20E+00,2.20E+00,2.20E+00,2.20E+00,2.20E+00,2.20E+00,2.20E+00,2.20E+00,2.20E+00,2.20E+00,2.20E+00,2.20E+00,2.20E+00,5.75E+00,0.00E+00,0.00E+00,0.00E+00,3.83E+00,3.50E+00,0.00E+00,2.15E-01,0.00E+00,0.00E+00,2.73E-01
2.20E+00,2.20E+00,2.20E+00,2.20E+00,2.20E+00,2.20E+00,2.20E+00,2.20E+00,2.20E+00,2.20E+00,2.20E+00,2.20E+00,2.20E+00,2.20E+00,2.20E+00,2.20E+00,2.20E+00,2.20E+00,2.20E+00,2.20E+00,2.20E+00,2.20E+00,2.20E+00,2.20E+00,2.20E+00,2.20E+00,2.20E+00,2.20E+00,3.06E+00,2.68E+00,0.00E+00,2.22E+00,0.00E+00,4.23E+00,0.00E+00,0.00E+00,0.00E+00,0.00E+00,3.78E-01
2.20E+00,2.20E+00,2.20E+00,2.20E+00,2.20E+00,2.20E+00,2.20E+00,2.20E+00,2.20E+00,2.20E+00,2.20E+00,2.20E+00,2.20E+00,2.20E+00,2.20E+00,2.20E+00,2.20E+00,2.20E+00,2.20E+00,2.20E+00,2.20E+00,2.20E+00,2.20E+00,2.20E+00,2.20E+00,2.20E+00,2.20E+00,2.20E+00,3.80E+00,1.36E+00,1.48E+00,0.00E+00,0.00E+00,0.00E+00,0.00E+00,0.00E+00,0.00E+00,5.06E+00,2.32E-01
2.20E+00,2.20E+00,2.20E+00,2.20E+00,2.20E+00,2.20E+00,2.20E+00,2.20E+00,2.20E+00,2.20E+00,2.20E+00,2.20E+00,2.20E+00,2.20E+00,2.20E+00,2.20E+00,2.20E+00,2.20E+00,2.20E+00,2.20E+00,2.20E+00,2.20E+00,2.20E+00,2.20E+00,2.20E+00,2.20E+00,2.20E+00,2.20E+00,8.63E+00,2.37E+00,0.00E+00,0.00E+00,5.99E+00,0.00E+00,0.00E+00,0.00E+00,0.00E+00,0.00E+00,3.67E-01
2.20E+00,2.20E+00,2.20E+00,2.20E+00,2.20E+00,2.20E+00,2.20E+00,2.20E+00,2.20E+00,2.20E+00,2.20E+00,2.20E+00,2.20E+00,2.20E+00,2.20E+00,2.20E+00,2.20E+00,2.20E+00,2.20E+00,2.20E+00,2.20E+00,2.20E+00,2.20E+00,2.20E+00,2.20E+00,2.20E+00,2.20E+00,2.20E+00,5.89E+00,0.00E+00,0.00E+00,3.96E+00,0.00E+00,0.00E+00,9.03E-01,3.56E-01,0.00E+00,0.00E+00,2.71E-01
2.20E+00,2.20E+00,2.20E+00,2.20E+00,2.20E+00,2.20E+00,2.20E+00,2.20E+00,2.20E+00,2.20E+00,2.20E+00,2.20E+00,2.20E+00,2.20E+00,2.20E+00,2.20E+00,2.20E+00,2.20E+00,2.20E+00,2.20E+00,2.20E+00,2.20E+00,2.20E+00,2.20E+00,2.20E+00,2.20E+00,2.20E+00,2.20E+00,0.00E+00,0.00E+00,2.54E+00,0.00E+00,0.00E+00,4.17E+00,1.21E+00,8.77E-01,0.00E+00,0.00E+00,2.61E-01
2.20E+00,2.20E+00,2.20E+00,2.20E+00,2.20E+00,2.20E+00,2.20E+00,2.20E+00,2.20E+00,2.20E+00,2.20E+00,2.20E+00,2.20E+00,2.20E+00,2.20E+00,2.20E+00,2.20E+00,2.20E+00,2.20E+00,2.20E+00,2.20E+00,2.20E+00,2.20E+00,2.20E+00,2.20E+00,2.20E+00,2.20E+00,2.20E+00,5.43E+00,0.00E+00,1.54E+00,0.00E+00,3.27E+00,0.00E+00,0.00E+00,2.48E-01,0.00E+00,0.00E+00,2.47E-01
2.20E+00,2.20E+00,2.20E+00,2.20E+00,2.20E+00,2.20E+00,2.20E+00,2.20E+00,2.20E+00,2.20E+00,2.20E+00,2.20E+00,2.20E+00,2.20E+00,2.20E+00,2.20E+00,2.20E+00,2.20E+00,2.20E+00,2.20E+00,2.20E+00,2.20E+00,2.20E+00,2.20E+00,2.20E+00,2.20E+00,2.20E+00,2.20E+00,0.00E+00,2.48E+00,3.11E+00,2.56E+00,0.00E+00,0.00E+00,0.00E+00,0.00E+00,0.00E+00,0.00E+00,3.93E-01
2.20E+00,2.20E+00,2.20E+00,2.20E+00,2.20E+00,2.20E+00,2.20E+00,2.20E+00,2.20E+00,2.20E+00,2.20E+00,2.20E+00,2.20E+00,2.20E+00,2.20E+00,2.20E+00,2.20E+00,2.20E+00,2.20E+00,2.20E+00,2.20E+00,2.20E+00,2.20E+00,2.20E+00,2.20E+00,2.20E+00,2.20E+00,2.20E+00,0.00E+00,2.22E+00,1.68E+00,2.19E+00,2.42E+00,0.00E+00,0.00E+00,0.00E+00,0.00E+00,0.00E+00,3.63E-01
2.20E+00,2.20E+00,2.20E+00,2.20E+00,2.20E+00,2.20E+00,2.20E+00,2.20E+00,2.20E+00,2.20E+00,2.20E+00,2.20E+00,2.20E+00,2.20E+00,2.20E+00,2.20E+00,2.20E+00,2.20E+00,2.20E+00,2.20E+00,2.20E+00,2.20E+00,2.20E+00,2.20E+00,2.20E+00,2.20E+00,2.20E+00,2.20E+00,0.00E+00,0.00E+00,0.00E+00,0.00E+00,3.73E+00,0.00E+00,0.00E+00,0.00E+00,0.00E+00,1.39E+01,1.95E-01
